{
"lengthUnit": "mil",
"remark": [],
"components": {
	"fields": ["COMPONENT_NO", "COMPONENT_NAME", "LAYER", "X_COORDINATE", "Y_COORDINATE", "ANGLE"],
	"rows": [
		[1, "C1", "T", 380, -90, 180],
		[2, "C2", "T", 312.56, -167.44, 0],
		[3, "C3", "T", 249.88, -90, 0],
		[4, "H1", "T", 0, 0, 270],
		[5, "H2", "T", 700, 0, 270],
		[6, "H3", "T", 305, 380, 180],
		[7, "H4", "T", 255, -465, 0],
		[8, "H5", "T", 575, -60, 270],
		[9, "H6", "T", 575, 325, 270],
		[10, "R1", "T", 140, 130, 90],
		[11, "R2", "T", 170, -285, 180],
		[12, "R3", "T", 310, -285, 180],
		[13, "U1", "T", 325, 130, 180],
		[14, "PAD1", "T", 0, 350, 0],
		[15, "PAD1", "B", 0, 350, 0],
		[16, "PAD2", "T", 0, 250, 0],
		[17, "PAD2", "B", 0, 250, 0],
		[18, "PAD3", "T", 0, 150, 0],
		[19, "PAD3", "B", 0, 150, 0],
		[20, "PAD4", "T", 0, 50, 0],
		[21, "PAD4", "B", 0, 50, 0],
		[22, "PAD5", "T", 0, -50, 0],
		[23, "PAD5", "B", 0, -50, 0],
		[24, "PAD6", "T", 0, -150, 0],
		[25, "PAD6", "B", 0, -150, 0],
		[26, "PAD7", "T", 0, -250, 0],
		[27, "PAD7", "B", 0, -250, 0],
		[28, "PAD8", "T", 0, -350, 0],
		[29, "PAD8", "B", 0, -350, 0],
		[30, "PAD9", "T", 700, 350, 0],
		[31, "PAD9", "B", 700, 350, 0],
		[32, "PAD10", "T", 700, 250, 0],
		[33, "PAD10", "B", 700, 250, 0],
		[34, "PAD11", "T", 700, 150, 0],
		[35, "PAD11", "B", 700, 150, 0],
		[36, "PAD12", "T", 700, 50, 0],
		[37, "PAD12", "B", 700, 50, 0],
		[38, "PAD13", "T", 700, -50, 0],
		[39, "PAD13", "B", 700, -50, 0],
		[40, "PAD14", "T", 700, -150, 0],
		[41, "PAD14", "B", 700, -150, 0],
		[42, "PAD15", "T", 700, -250, 0],
		[43, "PAD15", "B", 700, -250, 0],
		[44, "PAD16", "T", 700, -350, 0],
		[45, "PAD16", "B", 700, -350, 0],
		[46, "PAD17", "T", 352.44, -90, 0],
		[47, "PAD18", "T", 407.56, -90, 0],
		[48, "PAD19", "T", 340.12, -167.44, 0],
		[49, "PAD20", "T", 285, -167.44, 0],
		[50, "PAD21", "T", 277.44, -90, 0],
		[51, "PAD22", "T", 222.32, -90, 0],
		[52, "PAD23", "T", 414.57, 242.205, 0],
		[53, "PAD24", "T", 388.98, 242.205, 0],
		[54, "PAD25", "T", 363.39, 242.205, 0],
		[55, "PAD26", "T", 337.79, 242.205, 0],
		[56, "PAD27", "T", 312.2, 242.205, 0],
		[57, "PAD28", "T", 286.61, 242.205, 0],
		[58, "PAD29", "T", 261.02, 242.205, 0],
		[59, "PAD30", "T", 235.43, 242.205, 0],
		[60, "PAD31", "T", 414.57, 17.795, 0],
		[61, "PAD32", "T", 388.98, 17.795, 0],
		[62, "PAD33", "T", 363.39, 17.795, 0],
		[63, "PAD34", "T", 337.79, 17.795, 0],
		[64, "PAD35", "T", 312.2, 17.795, 0],
		[65, "PAD36", "T", 286.61, 17.795, 0],
		[66, "PAD37", "T", 261.02, 17.795, 0],
		[67, "PAD38", "T", 235.43, 17.795, 0],
		[68, "PAD39", "T", 325, 130, 0],
		[69, "PAD40", "T", 455, 380, 0],
		[70, "PAD40", "B", 455, 380, 0],
		[71, "PAD41", "T", 355, 380, 0],
		[72, "PAD41", "B", 355, 380, 0],
		[73, "PAD42", "T", 255, 380, 0],
		[74, "PAD42", "B", 255, 380, 0],
		[75, "PAD43", "T", 155, 380, 0],
		[76, "PAD43", "B", 155, 380, 0],
		[77, "PAD44", "T", 105, -465, 0],
		[78, "PAD44", "B", 105, -465, 0],
		[79, "PAD45", "T", 205, -465, 0],
		[80, "PAD45", "B", 205, -465, 0],
		[81, "PAD46", "T", 305, -465, 0],
		[82, "PAD46", "B", 305, -465, 0],
		[83, "PAD47", "T", 405, -465, 0],
		[84, "PAD47", "B", 405, -465, 0],
		[85, "PAD48", "T", 575, 40, 0],
		[86, "PAD48", "B", 575, 40, 0],
		[87, "PAD49", "T", 575, -60, 0],
		[88, "PAD49", "B", 575, -60, 0],
		[89, "PAD50", "T", 575, -160, 0],
		[90, "PAD50", "B", 575, -160, 0],
		[91, "PAD51", "T", 140, 159.66, 0],
		[92, "PAD52", "T", 140, 100.34, 0],
		[93, "PAD53", "T", 140.34, -285, 0],
		[94, "PAD54", "T", 199.66, -285, 0],
		[95, "PAD55", "T", 280.34, -285, 0],
		[96, "PAD56", "T", 339.66, -285, 0],
		[97, "PAD57", "T", 575, 375, 0],
		[98, "PAD57", "B", 575, 375, 0],
		[99, "PAD58", "T", 575, 275, 0],
		[100, "PAD58", "B", 575, 275, 0]
	]
},
"pins": {
	"fields": ["PIN_NO", "PIN_NAME", "PIN_X", "PIN_Y", "LAYER", "PIN_TYPE", "NET_NAME", "NET_TYPE", "PAD_SHAPE", "PAD_SIZEX", "PAD_SIZEY", "HOLE_SIZE", "HOLE_LEN", "PAD_ANGLE"],
	"rows": [
		[1, "C1_1", 407.56, -90, "T", "SMD", "$1N2240", "", "R", 31.496, 35.433, 0, 0, 180],
		[2, "C1_2", 352.44, -90, "T", "SMD", "GND", "GND", "R", 31.496, 35.433, 0, 0, 180],
		[3, "C2_1", 285, -167.44, "T", "SMD", "VIN", "", "R", 31.496, 35.433, 0, 0, 360],
		[4, "C2_2", 340.12, -167.44, "T", "SMD", "GND", "GND", "R", 31.496, 35.433, 0, 0, 360],
		[5, "C3_1", 222.32, -90, "T", "SMD", "$1N2259", "", "R", 31.496, 35.433, 0, 0, 360],
		[6, "C3_2", 277.44, -90, "T", "SMD", "VIN", "", "R", 31.496, 35.433, 0, 0, 360],
		[7, "H1_1", 0, 350, "T", "DIP", "GND", "GND", "C", 59.055, 59.055, 39.37, 39.37, 270],
		[8, "H1_1", 0, 350, "B", "DIP", "GND", "GND", "C", 59.055, 59.055, 39.37, 39.37, 270],
		[9, "H1_2", 0, 250, "T", "DIP", "3V3", "", "C", 59.055, 59.055, 39.37, 39.37, 270],
		[10, "H1_2", 0, 250, "B", "DIP", "3V3", "", "C", 59.055, 59.055, 39.37, 39.37, 270],
		[11, "H1_3", 0, 150, "T", "DIP", "0", "", "C", 59.055, 59.055, 39.37, 39.37, 270],
		[12, "H1_3", 0, 150, "B", "DIP", "0", "", "C", 59.055, 59.055, 39.37, 39.37, 270],
		[13, "H1_4", 0, 50, "T", "DIP", "1", "", "C", 59.055, 59.055, 39.37, 39.37, 270],
		[14, "H1_4", 0, 50, "B", "DIP", "1", "", "C", 59.055, 59.055, 39.37, 39.37, 270],
		[15, "H1_5", 0, -50, "T", "DIP", "4", "", "C", 59.055, 59.055, 39.37, 39.37, 270],
		[16, "H1_5", 0, -50, "B", "DIP", "4", "", "C", 59.055, 59.055, 39.37, 39.37, 270],
		[17, "H1_6", 0, -150, "T", "DIP", "6", "", "C", 59.055, 59.055, 39.37, 39.37, 270],
		[18, "H1_6", 0, -150, "B", "DIP", "6", "", "C", 59.055, 59.055, 39.37, 39.37, 270],
		[19, "H1_7", 0, -250, "T", "DIP", "5", "", "C", 59.055, 59.055, 39.37, 39.37, 270],
		[20, "H1_7", 0, -250, "B", "DIP", "5", "", "C", 59.055, 59.055, 39.37, 39.37, 270],
		[21, "H1_8", 0, -350, "T", "DIP", "7", "", "C", 59.055, 59.055, 39.37, 39.37, 270],
		[22, "H1_8", 0, -350, "B", "DIP", "7", "", "C", 59.055, 59.055, 39.37, 39.37, 270],
		[23, "H2_1", 700, 350, "T", "DIP", "BAT", "", "C", 59.055, 59.055, 39.37, 39.37, 270],
		[24, "H2_1", 700, 350, "B", "DIP", "BAT", "", "C", 59.055, 59.055, 39.37, 39.37, 270],
		[25, "H2_2", 700, 250, "T", "DIP", "GND", "GND", "C", 59.055, 59.055, 39.37, 39.37, 270],
		[26, "H2_2", 700, 250, "B", "DIP", "GND", "GND", "C", 59.055, 59.055, 39.37, 39.37, 270],
		[27, "H2_3", 700, 150, "T", "DIP", "VIN", "", "C", 59.055, 59.055, 39.37, 39.37, 270],
		[28, "H2_3", 700, 150, "B", "DIP", "VIN", "", "C", 59.055, 59.055, 39.37, 39.37, 270],
		[29, "H2_4", 700, 50, "T", "DIP", "20", "", "C", 59.055, 59.055, 39.37, 39.37, 270],
		[30, "H2_4", 700, 50, "B", "DIP", "20", "", "C", 59.055, 59.055, 39.37, 39.37, 270],
		[31, "H2_5", 700, -50, "T", "DIP", "21", "", "C", 59.055, 59.055, 39.37, 39.37, 270],
		[32, "H2_5", 700, -50, "B", "DIP", "21", "", "C", 59.055, 59.055, 39.37, 39.37, 270],
		[33, "H2_6", 700, -150, "T", "DIP", "8", "", "C", 59.055, 59.055, 39.37, 39.37, 270],
		[34, "H2_6", 700, -150, "B", "DIP", "8", "", "C", 59.055, 59.055, 39.37, 39.37, 270],
		[35, "H2_7", 700, -250, "T", "DIP", "9", "", "C", 59.055, 59.055, 39.37, 39.37, 270],
		[36, "H2_7", 700, -250, "B", "DIP", "9", "", "C", 59.055, 59.055, 39.37, 39.37, 270],
		[37, "H2_8", 700, -350, "T", "DIP", "2", "", "C", 59.055, 59.055, 39.37, 39.37, 270],
		[38, "H2_8", 700, -350, "B", "DIP", "2", "", "C", 59.055, 59.055, 39.37, 39.37, 270],
		[39, "H3_1", 455, 380, "T", "DIP", "MOTORA+", "", "R", 66.929, 66.929, 43.308, 43.308, 180],
		[40, "H3_1", 455, 380, "B", "DIP", "MOTORA+", "", "R", 66.929, 66.929, 43.308, 43.308, 180],
		[41, "H3_2", 355, 380, "T", "DIP", "MOTORA-", "", "C", 66.929, 66.929, 43.308, 43.308, 180],
		[42, "H3_2", 355, 380, "B", "DIP", "MOTORA-", "", "C", 66.929, 66.929, 43.308, 43.308, 180],
		[43, "H3_3", 255, 380, "T", "DIP", "MOTORB+", "", "C", 66.929, 66.929, 43.308, 43.308, 180],
		[44, "H3_3", 255, 380, "B", "DIP", "MOTORB+", "", "C", 66.929, 66.929, 43.308, 43.308, 180],
		[45, "H3_4", 155, 380, "T", "DIP", "MOTORB-", "", "C", 66.929, 66.929, 43.308, 43.308, 180],
		[46, "H3_4", 155, 380, "B", "DIP", "MOTORB-", "", "C", 66.929, 66.929, 43.308, 43.308, 180],
		[47, "H4_1", 105, -465, "T", "DIP", "8", "", "R", 66.929, 66.929, 43.308, 43.308, 360],
		[48, "H4_1", 105, -465, "B", "DIP", "8", "", "R", 66.929, 66.929, 43.308, 43.308, 360],
		[49, "H4_2", 205, -465, "T", "DIP", "9", "", "C", 66.929, 66.929, 43.308, 43.308, 360],
		[50, "H4_2", 205, -465, "B", "DIP", "9", "", "C", 66.929, 66.929, 43.308, 43.308, 360],
		[51, "H4_3", 305, -465, "T", "DIP", "3V3", "", "C", 66.929, 66.929, 43.308, 43.308, 360],
		[52, "H4_3", 305, -465, "B", "DIP", "3V3", "", "C", 66.929, 66.929, 43.308, 43.308, 360],
		[53, "H4_4", 405, -465, "T", "DIP", "GND", "GND", "C", 66.929, 66.929, 43.308, 43.308, 360],
		[54, "H4_4", 405, -465, "B", "DIP", "GND", "GND", "C", 66.929, 66.929, 43.308, 43.308, 360],
		[55, "H5_1", 575, 40, "T", "DIP", "20", "", "R", 66.929, 66.929, 43.308, 43.308, 270],
		[56, "H5_1", 575, 40, "B", "DIP", "20", "", "R", 66.929, 66.929, 43.308, 43.308, 270],
		[57, "H5_2", 575, -60, "T", "DIP", "21", "", "C", 66.929, 66.929, 43.308, 43.308, 270],
		[58, "H5_2", 575, -60, "B", "DIP", "21", "", "C", 66.929, 66.929, 43.308, 43.308, 270],
		[59, "H5_3", 575, -160, "T", "DIP", "2", "", "C", 66.929, 66.929, 43.308, 43.308, 270],
		[60, "H5_3", 575, -160, "B", "DIP", "2", "", "C", 66.929, 66.929, 43.308, 43.308, 270],
		[61, "H6_1", 575, 375, "T", "DIP", "BAT", "", "R", 78.74, 78.74, 47.244, 47.244, 270],
		[62, "H6_1", 575, 375, "B", "DIP", "BAT", "", "R", 78.74, 78.74, 47.244, 47.244, 270],
		[63, "H6_2", 575, 275, "T", "DIP", "GND", "GND", "C", 78.74, 78.74, 47.244, 47.244, 270],
		[64, "H6_2", 575, 275, "B", "DIP", "GND", "GND", "C", 78.74, 78.74, 47.244, 47.244, 270],
		[65, "R1_1", 140, 100.34, "T", "SMD", "GND", "GND", "R", 31.751, 34.016, 0, 0, 90],
		[66, "R1_2", 140, 159.66, "T", "SMD", "$1N1217", "", "R", 31.751, 34.016, 0, 0, 90],
		[67, "R2_1", 199.66, -285, "T", "SMD", "3V3", "", "R", 31.751, 34.016, 0, 0, 180],
		[68, "R2_2", 140.34, -285, "T", "SMD", "8", "", "R", 31.751, 34.016, 0, 0, 180],
		[69, "R3_1", 339.66, -285, "T", "SMD", "3V3", "", "R", 31.751, 34.016, 0, 0, 180],
		[70, "R3_2", 280.34, -285, "T", "SMD", "9", "", "R", 31.751, 34.016, 0, 0, 180],
		[71, "U1_1", 414.57, 242.205, "T", "SMD", "0", "", "O", 13.78, 51.181, 0, 0, 180],
		[72, "U1_2", 388.98, 242.205, "T", "SMD", "MOTORA+", "", "O", 13.78, 51.181, 0, 0, 180],
		[73, "U1_3", 363.39, 242.205, "T", "SMD", "$1N1217", "", "O", 13.78, 51.181, 0, 0, 180],
		[74, "U1_4", 337.79, 242.205, "T", "SMD", "MOTORA-", "", "O", 13.78, 51.181, 0, 0, 180],
		[75, "U1_5", 312.2, 242.205, "T", "SMD", "MOTORB+", "", "O", 13.78, 51.181, 0, 0, 180],
		[76, "U1_6", 286.61, 242.205, "T", "SMD", "$1N1217", "", "O", 13.78, 51.181, 0, 0, 180],
		[77, "U1_7", 261.02, 242.205, "T", "SMD", "MOTORB-", "", "O", 13.78, 51.181, 0, 0, 180],
		[78, "U1_8", 235.43, 242.205, "T", "SMD", "1", "", "O", 13.78, 51.181, 0, 0, 180],
		[79, "U1_9", 235.43, 17.795, "T", "SMD", "7", "", "O", 13.78, 51.181, 0, 0, 180],
		[80, "U1_10", 261.02, 17.795, "T", "SMD", "6", "", "O", 13.78, 51.181, 0, 0, 180],
		[81, "U1_11", 286.61, 17.795, "T", "SMD", "$1N2259", "", "O", 13.78, 51.181, 0, 0, 180],
		[82, "U1_12", 312.2, 17.795, "T", "SMD", "VIN", "", "O", 13.78, 51.181, 0, 0, 180],
		[83, "U1_13", 337.79, 17.795, "T", "SMD", "GND", "GND", "O", 13.78, 51.181, 0, 0, 180],
		[84, "U1_14", 363.39, 17.795, "T", "SMD", "$1N2240", "", "O", 13.78, 51.181, 0, 0, 180],
		[85, "U1_15", 388.98, 17.795, "T", "SMD", "5", "", "O", 13.78, 51.181, 0, 0, 180],
		[86, "U1_16", 414.57, 17.795, "T", "SMD", "4", "", "O", 13.78, 51.181, 0, 0, 180],
		[87, "U1_17", 325, 130, "T", "SMD", "GND", "GND", "R", 107.874, 107.874, 0, 0, 180],
		[88, "PAD1_1", 0, 350, "T", "DIP", "GND", "GND", "C", 59.055, 59.055, 39.37, 39.37, 270],
		[89, "PAD1_1", 0, 350, "B", "DIP", "GND", "GND", "C", 59.055, 59.055, 39.37, 39.37, 270],
		[90, "PAD2_2", 0, 250, "T", "DIP", "3V3", "", "C", 59.055, 59.055, 39.37, 39.37, 270],
		[91, "PAD2_2", 0, 250, "B", "DIP", "3V3", "", "C", 59.055, 59.055, 39.37, 39.37, 270],
		[92, "PAD3_3", 0, 150, "T", "DIP", "0", "", "C", 59.055, 59.055, 39.37, 39.37, 270],
		[93, "PAD3_3", 0, 150, "B", "DIP", "0", "", "C", 59.055, 59.055, 39.37, 39.37, 270],
		[94, "PAD4_4", 0, 50, "T", "DIP", "1", "", "C", 59.055, 59.055, 39.37, 39.37, 270],
		[95, "PAD4_4", 0, 50, "B", "DIP", "1", "", "C", 59.055, 59.055, 39.37, 39.37, 270],
		[96, "PAD5_5", 0, -50, "T", "DIP", "4", "", "C", 59.055, 59.055, 39.37, 39.37, 270],
		[97, "PAD5_5", 0, -50, "B", "DIP", "4", "", "C", 59.055, 59.055, 39.37, 39.37, 270],
		[98, "PAD6_6", 0, -150, "T", "DIP", "6", "", "C", 59.055, 59.055, 39.37, 39.37, 270],
		[99, "PAD6_6", 0, -150, "B", "DIP", "6", "", "C", 59.055, 59.055, 39.37, 39.37, 270],
		[100, "PAD7_7", 0, -250, "T", "DIP", "5", "", "C", 59.055, 59.055, 39.37, 39.37, 270],
		[101, "PAD7_7", 0, -250, "B", "DIP", "5", "", "C", 59.055, 59.055, 39.37, 39.37, 270],
		[102, "PAD8_8", 0, -350, "T", "DIP", "7", "", "C", 59.055, 59.055, 39.37, 39.37, 270],
		[103, "PAD8_8", 0, -350, "B", "DIP", "7", "", "C", 59.055, 59.055, 39.37, 39.37, 270],
		[104, "PAD9_1", 700, 350, "T", "DIP", "BAT", "", "C", 59.055, 59.055, 39.37, 39.37, 270],
		[105, "PAD9_1", 700, 350, "B", "DIP", "BAT", "", "C", 59.055, 59.055, 39.37, 39.37, 270],
		[106, "PAD10_2", 700, 250, "T", "DIP", "GND", "GND", "C", 59.055, 59.055, 39.37, 39.37, 270],
		[107, "PAD10_2", 700, 250, "B", "DIP", "GND", "GND", "C", 59.055, 59.055, 39.37, 39.37, 270],
		[108, "PAD11_3", 700, 150, "T", "DIP", "VIN", "", "C", 59.055, 59.055, 39.37, 39.37, 270],
		[109, "PAD11_3", 700, 150, "B", "DIP", "VIN", "", "C", 59.055, 59.055, 39.37, 39.37, 270],
		[110, "PAD12_4", 700, 50, "T", "DIP", "20", "", "C", 59.055, 59.055, 39.37, 39.37, 270],
		[111, "PAD12_4", 700, 50, "B", "DIP", "20", "", "C", 59.055, 59.055, 39.37, 39.37, 270],
		[112, "PAD13_5", 700, -50, "T", "DIP", "21", "", "C", 59.055, 59.055, 39.37, 39.37, 270],
		[113, "PAD13_5", 700, -50, "B", "DIP", "21", "", "C", 59.055, 59.055, 39.37, 39.37, 270],
		[114, "PAD14_6", 700, -150, "T", "DIP", "8", "", "C", 59.055, 59.055, 39.37, 39.37, 270],
		[115, "PAD14_6", 700, -150, "B", "DIP", "8", "", "C", 59.055, 59.055, 39.37, 39.37, 270],
		[116, "PAD15_7", 700, -250, "T", "DIP", "9", "", "C", 59.055, 59.055, 39.37, 39.37, 270],
		[117, "PAD15_7", 700, -250, "B", "DIP", "9", "", "C", 59.055, 59.055, 39.37, 39.37, 270],
		[118, "PAD16_8", 700, -350, "T", "DIP", "2", "", "C", 59.055, 59.055, 39.37, 39.37, 270],
		[119, "PAD16_8", 700, -350, "B", "DIP", "2", "", "C", 59.055, 59.055, 39.37, 39.37, 270],
		[120, "PAD17_2", 352.44, -90, "T", "SMD", "GND", "GND", "R", 31.496, 35.433, 0, 0, 180],
		[121, "PAD18_1", 407.56, -90, "T", "SMD", "$1N2240", "", "R", 31.496, 35.433, 0, 0, 180],
		[122, "PAD19_2", 340.12, -167.44, "T", "SMD", "GND", "GND", "R", 31.496, 35.433, 0, 0, 360],
		[123, "PAD20_1", 285, -167.44, "T", "SMD", "VIN", "", "R", 31.496, 35.433, 0, 0, 360],
		[124, "PAD21_2", 277.44, -90, "T", "SMD", "VIN", "", "R", 31.496, 35.433, 0, 0, 360],
		[125, "PAD22_1", 222.32, -90, "T", "SMD", "$1N2259", "", "R", 31.496, 35.433, 0, 0, 360],
		[126, "PAD23_1", 414.57, 242.205, "T", "SMD", "0", "", "O", 13.78, 51.181, 0, 0, 180],
		[127, "PAD24_2", 388.98, 242.205, "T", "SMD", "MOTORA+", "", "O", 13.78, 51.181, 0, 0, 180],
		[128, "PAD25_3", 363.39, 242.205, "T", "SMD", "$1N1217", "", "O", 13.78, 51.181, 0, 0, 180],
		[129, "PAD26_4", 337.79, 242.205, "T", "SMD", "MOTORA-", "", "O", 13.78, 51.181, 0, 0, 180],
		[130, "PAD27_5", 312.2, 242.205, "T", "SMD", "MOTORB+", "", "O", 13.78, 51.181, 0, 0, 180],
		[131, "PAD28_6", 286.61, 242.205, "T", "SMD", "$1N1217", "", "O", 13.78, 51.181, 0, 0, 180],
		[132, "PAD29_7", 261.02, 242.205, "T", "SMD", "MOTORB-", "", "O", 13.78, 51.181, 0, 0, 180],
		[133, "PAD30_8", 235.43, 242.205, "T", "SMD", "1", "", "O", 13.78, 51.181, 0, 0, 180],
		[134, "PAD31_16", 414.57, 17.795, "T", "SMD", "4", "", "O", 13.78, 51.181, 0, 0, 180],
		[135, "PAD32_15", 388.98, 17.795, "T", "SMD", "5", "", "O", 13.78, 51.181, 0, 0, 180],
		[136, "PAD33_14", 363.39, 17.795, "T", "SMD", "$1N2240", "", "O", 13.78, 51.181, 0, 0, 180],
		[137, "PAD34_13", 337.79, 17.795, "T", "SMD", "GND", "GND", "O", 13.78, 51.181, 0, 0, 180],
		[138, "PAD35_12", 312.2, 17.795, "T", "SMD", "VIN", "", "O", 13.78, 51.181, 0, 0, 180],
		[139, "PAD36_11", 286.61, 17.795, "T", "SMD", "$1N2259", "", "O", 13.78, 51.181, 0, 0, 180],
		[140, "PAD37_10", 261.02, 17.795, "T", "SMD", "6", "", "O", 13.78, 51.181, 0, 0, 180],
		[141, "PAD38_9", 235.43, 17.795, "T", "SMD", "7", "", "O", 13.78, 51.181, 0, 0, 180],
		[142, "PAD39_17", 325, 130, "T", "SMD", "GND", "GND", "R", 107.874, 107.874, 0, 0, 180],
		[143, "PAD40_1", 455, 380, "T", "DIP", "MOTORA+", "", "R", 66.929, 66.929, 43.308, 43.308, 180],
		[144, "PAD40_1", 455, 380, "B", "DIP", "MOTORA+", "", "R", 66.929, 66.929, 43.308, 43.308, 180],
		[145, "PAD41_2", 355, 380, "T", "DIP", "MOTORA-", "", "C", 66.929, 66.929, 43.308, 43.308, 180],
		[146, "PAD41_2", 355, 380, "B", "DIP", "MOTORA-", "", "C", 66.929, 66.929, 43.308, 43.308, 180],
		[147, "PAD42_3", 255, 380, "T", "DIP", "MOTORB+", "", "C", 66.929, 66.929, 43.308, 43.308, 180],
		[148, "PAD42_3", 255, 380, "B", "DIP", "MOTORB+", "", "C", 66.929, 66.929, 43.308, 43.308, 180],
		[149, "PAD43_4", 155, 380, "T", "DIP", "MOTORB-", "", "C", 66.929, 66.929, 43.308, 43.308, 180],
		[150, "PAD43_4", 155, 380, "B", "DIP", "MOTORB-", "", "C", 66.929, 66.929, 43.308, 43.308, 180],
		[151, "PAD44_1", 105, -465, "T", "DIP", "8", "", "R", 66.929, 66.929, 43.308, 43.308, 360],
		[152, "PAD44_1", 105, -465, "B", "DIP", "8", "", "R", 66.929, 66.929, 43.308, 43.308, 360],
		[153, "PAD45_2", 205, -465, "T", "DIP", "9", "", "C", 66.929, 66.929, 43.308, 43.308, 360],
		[154, "PAD45_2", 205, -465, "B", "DIP", "9", "", "C", 66.929, 66.929, 43.308, 43.308, 360],
		[155, "PAD46_3", 305, -465, "T", "DIP", "3V3", "", "C", 66.929, 66.929, 43.308, 43.308, 360],
		[156, "PAD46_3", 305, -465, "B", "DIP", "3V3", "", "C", 66.929, 66.929, 43.308, 43.308, 360],
		[157, "PAD47_4", 405, -465, "T", "DIP", "GND", "GND", "C", 66.929, 66.929, 43.308, 43.308, 360],
		[158, "PAD47_4", 405, -465, "B", "DIP", "GND", "GND", "C", 66.929, 66.929, 43.308, 43.308, 360],
		[159, "PAD48_1", 575, 40, "T", "DIP", "20", "", "R", 66.929, 66.929, 43.308, 43.308, 270],
		[160, "PAD48_1", 575, 40, "B", "DIP", "20", "", "R", 66.929, 66.929, 43.308, 43.308, 270],
		[161, "PAD49_2", 575, -60, "T", "DIP", "21", "", "C", 66.929, 66.929, 43.308, 43.308, 270],
		[162, "PAD49_2", 575, -60, "B", "DIP", "21", "", "C", 66.929, 66.929, 43.308, 43.308, 270],
		[163, "PAD50_3", 575, -160, "T", "DIP", "2", "", "C", 66.929, 66.929, 43.308, 43.308, 270],
		[164, "PAD50_3", 575, -160, "B", "DIP", "2", "", "C", 66.929, 66.929, 43.308, 43.308, 270],
		[165, "PAD51_2", 140, 159.66, "T", "SMD", "$1N1217", "", "R", 31.751, 34.016, 0, 0, 90],
		[166, "PAD52_1", 140, 100.34, "T", "SMD", "GND", "GND", "R", 31.751, 34.016, 0, 0, 90],
		[167, "PAD53_2", 140.34, -285, "T", "SMD", "8", "", "R", 31.751, 34.016, 0, 0, 180],
		[168, "PAD54_1", 199.66, -285, "T", "SMD", "3V3", "", "R", 31.751, 34.016, 0, 0, 180],
		[169, "PAD55_2", 280.34, -285, "T", "SMD", "9", "", "R", 31.751, 34.016, 0, 0, 180],
		[170, "PAD56_1", 339.66, -285, "T", "SMD", "3V3", "", "R", 31.751, 34.016, 0, 0, 180],
		[171, "PAD57_1", 575, 375, "T", "DIP", "BAT", "", "R", 78.74, 78.74, 47.244, 47.244, 270],
		[172, "PAD57_1", 575, 375, "B", "DIP", "BAT", "", "R", 78.74, 78.74, 47.244, 47.244, 270],
		[173, "PAD58_2", 575, 275, "T", "DIP", "GND", "GND", "C", 78.74, 78.74, 47.244, 47.244, 270],
		[174, "PAD58_2", 575, 275, "B", "DIP", "GND", "GND", "C", 78.74, 78.74, 47.244, 47.244, 270]
	]
}
}